<xml xmlns="http://www.w3.org/1999/xhtml">
  <block type="procedures_defnoreturn" id="5" x="864" y="-113">
    <field name="NAME">reculer</field>
    <statement name="STACK">
      <block type="servo_move" id="53" inline="false">
        <comment pinned="true" h="80" w="160">servomoteur de droite</comment>
        <value name="PIN">
          <block type="math_number" id="7">
            <field name="NUM">5</field>
          </block>
        </value>
        <value name="DEGREE">
          <block type="math_number" id="54">
            <field name="NUM">0</field>
          </block>
        </value>
        <next>
          <block type="servo_move" id="55" inline="false">
            <comment pinned="true" h="80" w="160">servo moteur de gauche</comment>
            <value name="PIN">
              <block type="math_number" id="56">
                <field name="NUM">6</field>
              </block>
            </value>
            <value name="DEGREE">
              <block type="math_number" id="57">
                <field name="NUM">180</field>
              </block>
            </value>
          </block>
        </next>
      </block>
    </statement>
  </block>
  <block type="variables_set" id="1" inline="true" x="10" y="56">
    <field name="VAR">LumG</field>
    <value name="VALUE">
      <block type="inout_analog_read_validator" id="cXHX:e#4P7XW@HbIW[O{">
        <field name="PIN">A1</field>
        <comment pinned="true" h="78" w="193">capteur lumière gauche
valeur &gt; 800 sol banc
valeur &lt; 800 sol noir
        </comment>
      </block>
    </value>
    <next>
      <block type="variables_set" id="3" inline="true">
        <field name="VAR">LumD</field>
        <value name="VALUE">
          <block type="inout_analog_read_validator" id="PZCN4`|aMw{nuFMgOmsV">
            <field name="PIN">A0</field>
            <comment pinned="true" h="96" w="260">capteur lumière droite
valeur &gt; 800 sol blanc
valeur &lt; 800 sol noir
            </comment>
          </block>
        </value>
      </block>
    </next>
  </block>
  <block type="procedures_defnoreturn" id="58" x="867" y="196">
    <field name="NAME">avancer</field>
    <statement name="STACK">
      <block type="servo_move" id="59" inline="false">
        <value name="PIN">
          <block type="math_number" id="60">
            <field name="NUM">5</field>
          </block>
        </value>
        <value name="DEGREE">
          <block type="math_number" id="61">
            <field name="NUM">180</field>
          </block>
        </value>
        <next>
          <block type="servo_move" id="62" inline="false">
            <value name="PIN">
              <block type="math_number" id="63">
                <field name="NUM">6</field>
              </block>
            </value>
            <value name="DEGREE">
              <block type="math_number" id="64">
                <field name="NUM">0</field>
              </block>
            </value>
          </block>
        </next>
      </block>
    </statement>
  </block>
  <block type="inout_digital_write" id="10" x="26" y="326">
    <value name="PIN">
      <block type="math_number" id="b?2cA1?DRtPv6erX?7Q3">
        <field name="NUM">2</field>
      </block>
    </value>
    <value name="STAT">
      <block type="logic_boolean" id="/NSw4O*nNy-Du?qZ8CmK">
        <field name="BOOL">TRUE</field>
      </block>
    </value>
    <next>
      <block type="serial_print" id="11" inline="false">
        <value name="CONTENT">
          <block type="text" id="12">
            <field name="TEXT">gauche =</field>
          </block>
        </value>
        <next>
          <block type="serial_print" id="13" inline="false">
            <value name="CONTENT">
              <block type="variables_get" id="14">
                <field name="VAR">LumG</field>
              </block>
            </value>
            <next>
              <block type="serial_print" id="15" inline="false">
                <value name="CONTENT">
                  <block type="text" id="16">
                    <field name="TEXT">droite = </field>
                  </block>
                </value>
                <next>
                  <block type="serial_print" id="17" inline="false">
                    <value name="CONTENT">
                      <block type="variables_get" id="18">
                        <field name="VAR">LumD</field>
                      </block>
                    </value>
                    <next>
                      <block type="base_delay" id="19">
                        <value name="DELAY_TIME">
                          <block type="math_number" id="20">
                            <field name="NUM">50</field>
                          </block>
                        </value>
                        <next>
                          <block type="controls_if" id="21" inline="false">
                            <mutation else="1"></mutation>
                            <value name="IF0">
                              <block type="logic_operation" id="22">
                                <field name="OP">AND</field>
                                <value name="A">
                                  <block type="logic_compare" id="23">
                                    <field name="OP">GT</field>
                                    <value name="A">
                                      <block type="variables_get" id="24">
                                        <field name="VAR">LumG</field>
                                      </block>
                                    </value>
                                    <value name="B">
                                      <block type="math_number" id="25">
                                        <field name="NUM">800</field>
                                      </block>
                                    </value>
                                  </block>
                                </value>
                                <value name="B">
                                  <block type="logic_compare" id="26">
                                    <field name="OP">GT</field>
                                    <value name="A">
                                      <block type="variables_get" id="27">
                                        <field name="VAR">LumD</field>
                                      </block>
                                    </value>
                                    <value name="B">
                                      <block type="math_number" id="28">
                                        <field name="NUM">800</field>
                                      </block>
                                    </value>
                                  </block>
                                </value>
                              </block>
                            </value>
                            <statement name="DO0">
                              <block type="procedures_callnoreturn" id="97">
                                <mutation name="avancer"></mutation>
                              </block>
                            </statement>
                            <statement name="ELSE">
                              <block type="controls_if" id="116" inline="false">
                                <mutation else="1"></mutation>
                                <value name="IF0">
                                  <block type="logic_operation" id="117">
                                    <field name="OP">AND</field>
                                    <value name="A">
                                      <block type="logic_compare" id="118">
                                        <field name="OP">LT</field>
                                        <value name="A">
                                          <block type="variables_get" id="119">
                                            <field name="VAR">LumG</field>
                                          </block>
                                        </value>
                                        <value name="B">
                                          <block type="math_number" id="120">
                                            <field name="NUM">800</field>
                                          </block>
                                        </value>
                                      </block>
                                    </value>
                                    <value name="B">
                                      <block type="logic_compare" id="121">
                                        <field name="OP">LT</field>
                                        <value name="A">
                                          <block type="variables_get" id="122">
                                            <field name="VAR">LumD</field>
                                          </block>
                                        </value>
                                        <value name="B">
                                          <block type="math_number" id="123">
                                            <field name="NUM">800</field>
                                          </block>
                                        </value>
                                      </block>
                                    </value>
                                  </block>
                                </value>
                                <statement name="DO0">
                                  <block type="procedures_callnoreturn" id="131">
                                    <mutation name="stop"></mutation>
                                  </block>
                                </statement>
                                <statement name="ELSE">
                                  <block type="controls_if" id="98" inline="false">
                                    <value name="IF0">
                                      <block type="logic_operation" id="99">
                                        <field name="OP">AND</field>
                                        <value name="A">
                                          <block type="logic_compare" id="100">
                                            <field name="OP">GT</field>
                                            <value name="A">
                                              <block type="variables_get" id="101">
                                                <field name="VAR">LumG</field>
                                              </block>
                                            </value>
                                            <value name="B">
                                              <block type="math_number" id="102">
                                                <field name="NUM">800</field>
                                              </block>
                                            </value>
                                          </block>
                                        </value>
                                        <value name="B">
                                          <block type="logic_compare" id="103">
                                            <field name="OP">LT</field>
                                            <value name="A">
                                              <block type="variables_get" id="104">
                                                <field name="VAR">LumD</field>
                                              </block>
                                            </value>
                                            <value name="B">
                                              <block type="math_number" id="105">
                                                <field name="NUM">800</field>
                                              </block>
                                            </value>
                                          </block>
                                        </value>
                                      </block>
                                    </value>
                                    <statement name="DO0">
                                      <block type="procedures_callnoreturn" id="162">
                                        <mutation name="tourneD"></mutation>
                                      </block>
                                    </statement>
                                    <next>
                                      <block type="controls_if" id="107" inline="false">
                                        <value name="IF0">
                                          <block type="logic_operation" id="108">
                                            <field name="OP">AND</field>
                                            <value name="A">
                                              <block type="logic_compare" id="109">
                                                <field name="OP">LT</field>
                                                <value name="A">
                                                  <block type="variables_get" id="110">
                                                    <field name="VAR">LumG</field>
                                                  </block>
                                                </value>
                                                <value name="B">
                                                  <block type="math_number" id="111">
                                                    <field name="NUM">800</field>
                                                  </block>
                                                </value>
                                              </block>
                                            </value>
                                            <value name="B">
                                              <block type="logic_compare" id="112">
                                                <field name="OP">GT</field>
                                                <value name="A">
                                                  <block type="variables_get" id="113">
                                                    <field name="VAR">LumD</field>
                                                  </block>
                                                </value>
                                                <value name="B">
                                                  <block type="math_number" id="114">
                                                    <field name="NUM">800</field>
                                                  </block>
                                                </value>
                                              </block>
                                            </value>
                                          </block>
                                        </value>
                                        <statement name="DO0">
                                          <block type="procedures_callnoreturn" id="171">
                                            <mutation name="tourneG"></mutation>
                                          </block>
                                        </statement>
                                      </block>
                                    </next>
                                  </block>
                                </statement>
                              </block>
                            </statement>
                          </block>
                        </next>
                      </block>
                    </next>
                  </block>
                </next>
              </block>
            </next>
          </block>
        </next>
      </block>
    </next>
  </block>
  <block type="procedures_defnoreturn" id="74" x="869" y="518">
    <field name="NAME">stop</field>
    <statement name="STACK">
      <block type="servo_move" id="75" inline="false">
        <value name="PIN">
          <block type="math_number" id="76">
            <field name="NUM">5</field>
          </block>
        </value>
        <value name="DEGREE">
          <block type="math_number" id="77">
            <field name="NUM">90</field>
          </block>
        </value>
        <next>
          <block type="servo_move" id="78" inline="false">
            <value name="PIN">
              <block type="math_number" id="79">
                <field name="NUM">6</field>
              </block>
            </value>
            <value name="DEGREE">
              <block type="math_number" id="80">
                <field name="NUM">90</field>
              </block>
            </value>
          </block>
        </next>
      </block>
    </statement>
  </block>
  <block type="procedures_defnoreturn" id="147" x="462" y="838">
    <field name="NAME">tourneD</field>
    <statement name="STACK">
      <block type="servo_move" id="148" inline="false">
        <value name="PIN">
          <block type="math_number" id="149">
            <field name="NUM">5</field>
          </block>
        </value>
        <value name="DEGREE">
          <block type="math_number" id="150">
            <field name="NUM">90</field>
          </block>
        </value>
        <next>
          <block type="servo_move" id="151" inline="false">
            <value name="PIN">
              <block type="math_number" id="152">
                <field name="NUM">6</field>
              </block>
            </value>
            <value name="DEGREE">
              <block type="math_number" id="153">
                <field name="NUM">0</field>
              </block>
            </value>
          </block>
        </next>
      </block>
    </statement>
  </block>
  <block type="procedures_defnoreturn" id="140" x="866" y="834">
    <field name="NAME">tourneG</field>
    <statement name="STACK">
      <block type="servo_move" id="141" inline="false">
        <value name="PIN">
          <block type="math_number" id="142">
            <field name="NUM">5</field>
          </block>
        </value>
        <value name="DEGREE">
          <block type="math_number" id="143">
            <field name="NUM">180</field>
          </block>
        </value>
        <next>
          <block type="servo_move" id="144" inline="false">
            <value name="PIN">
              <block type="math_number" id="145">
                <field name="NUM">6</field>
              </block>
            </value>
            <value name="DEGREE">
              <block type="math_number" id="146">
                <field name="NUM">90</field>
              </block>
            </value>
          </block>
        </next>
      </block>
    </statement>
  </block>
</xml>